key,english,hindi,santali_machine_translation,reviewed_ok,correction
menu_machine_training,Machine Training,मशीन प्रशिक्षण,ᱢᱮᱥᱤᱱ ᱴᱨᱮᱱᱤᱝ,,
menu_language,Language,भाषा,ᱯᱟᱹᱨᱥᱤ,,
language_modal_title,Select Language,भाषा चुनें,ᱯᱟᱹᱨᱥᱤ ᱵᱟᱪᱷᱟᱣ ᱢᱮ,,
prompt_place_wall_content,Tap the floor to set up the fire safety station,फ़ायर सेफ़्टी स्टेशन लगाने के लिए फ़र्श पर टैप करें,ᱥᱮᱸᱜᱮᱞ ᱨᱩᱠᱷᱤᱭᱟᱹ ᱥᱴᱮᱥᱚᱱ ᱛᱷᱟᱯᱚᱱ ᱞᱟᱹᱜᱤᱫ ᱯᱷᱚᱨ ᱴᱮᱯ ᱢᱮ,,
prompt_activate_alarm,Sound the alarm first — tap the call point on the wall,पहले अलार्म बजाएँ — दीवार पर लगे कॉल पॉइंट पर टैप करें,ᱯᱟᱹᱦᱤᱞ ᱨᱮ ᱥᱟᱰᱮ ᱥᱟᱰᱮᱭ ᱢᱮ - ᱫᱮᱣᱟᱞ ᱨᱮ ᱠᱚᱞ ᱯᱚᱭᱮᱱᱴ ᱨᱮ ᱴᱮᱯ ᱢᱮ,,
prompt_scanning_floor,Looking for a good spot for the fire…,आग के लिए सही जगह ढूँढी जा रही है…,ᱥᱮᱸᱜᱮᱞ ᱞᱟᱜᱟᱣ ᱞᱟᱹᱜᱤᱫ ᱢᱤᱫᱴᱟᱝ ᱵᱷᱟᱜᱮ ᱴᱷᱟᱶ ᱯᱟᱱᱛᱮᱭᱮᱫᱟ ᱾,,
prompt_mount_extinguishers,Setting up the extinguishers…,अग्निशामक लगाए जा रहे हैं…,ᱵᱟᱝ ᱡᱳᱞᱟᱜ ᱡᱤᱱᱤᱥ ᱠᱚ ᱥᱟᱡᱟᱣ ᱮᱫᱟ...,,
guide_default,Pick the extinguisher that matches this fire,इस आग से मेल खाने वाला अग्निशामक चुनें,ᱱᱚᱣᱟ ᱥᱮᱸᱜᱮᱞ ᱥᱟᱶ ᱢᱮᱥᱟ ᱟᱠᱟᱱ ᱥᱮᱸᱜᱮᱞ ᱵᱩᱡᱷᱟᱹᱣ ᱡᱚᱛᱨᱟ ᱵᱟᱪᱷᱟᱣ ᱢᱮ,,
guide_class_a,"Ordinary combustibles — wood, paper, cloth. Grab the GREY extinguisher",क्लास A आग (सामान्य ज्वलनशील पदार्थ) — ग्रे अग्निशामक का उपयोग करें,ᱠᱞᱟᱥ A ᱥᱮᱸᱜᱮᱞ (ᱡᱟᱦᱟᱱ ᱡᱤᱱᱤᱥ ᱚᱲᱟᱜ) — ᱥᱮᱛᱟᱜ ᱨᱚᱝ ᱮᱠᱥᱴᱤᱝᱜᱩᱤᱥᱚᱨ ᱵᱮᱵᱚᱦᱟᱨ ᱢᱮ,,
guide_class_bc,"A liquid or electrical fire — grab the YELLOW extinguisher. Skip the grey one here, it won't help and it isn't safe",क्लास B/C आग (तरल या विद्युत) — पीले अग्निशामक का उपयोग करें। कभी भी ग्रे वाला नहीं — यह यहाँ सुरक्षित नहीं है,ᱠᱞᱟᱥ B/C ᱥᱮᱸᱜᱮᱞ (ᱫᱟᱜ ᱟᱨ ᱵᱤᱡᱩᱞᱤ) — ᱥᱟᱥᱟᱝ ᱨᱚᱝ ᱮᱠᱥᱴᱤᱝᱜᱩᱤᱥᱚᱨ ᱵᱮᱵᱚᱦᱟᱨ ᱢᱮ। ᱥᱮᱛᱟᱜ ᱨᱚᱝ ᱠᱚ ᱵᱟᱭ ᱵᱮᱵᱚᱦᱟᱨ — ᱱᱚᱶᱟ ᱫᱚ ᱵᱟᱝ ᱟᱹᱰᱤ ᱥᱟᱦᱟᱛ ᱠᱟᱱᱟ,,
alarm_not_activated_warning_line,⚠ Sound the alarm before you touch an extinguisher!,⚠ अग्निशामक छूने से पहले अलार्म बजाएँ!,⚠ ᱢᱤᱫᱴᱟᱝ ᱥᱮᱸᱜᱮᱞ ᱵᱟᱝ ᱞᱟᱜᱟᱣ ᱞᱟᱦᱟᱨᱮ ᱟᱞᱟᱨᱢ ᱥᱟᱰᱮᱭ ᱢᱮ !,,
login_title,Worker Login,कर्मचारी लॉगिन,ᱠᱟᱹᱢᱤᱭᱟᱹ ᱞᱚᱜᱤᱱ,,
login_worker_id,Worker ID,कर्मचारी आईडी,ᱠᱟᱹᱢᱤᱭᱟᱹ ᱟᱭᱰᱤ,,
login_password,Password,पासवर्ड,ᱯᱟᱥᱣᱟᱨᱰ,,
login_button,Log In,लॉग इन करें,ᱞᱚᱜᱽ ᱤᱱ,,
login_signing_in,Signing in…,लॉग इन हो रहा है…,ᱥᱟᱭᱤᱱ ᱤᱱ ᱠᱟᱱᱟ...,,
login_missing_fields,Enter your worker ID and password.,अपनी कर्मचारी आईडी और पासवर्ड दर्ज करें।,ᱟᱢᱟᱜ ᱠᱟᱹᱢᱤᱭᱟᱹ ᱟᱭᱰᱤ ᱟᱨ ᱯᱟᱥᱳᱣᱟᱨᱰ ᱮᱢ ᱢᱮ ᱾,,
login_invalid,Wrong worker ID or password.,गलत कर्मचारी आईडी या पासवर्ड।,ᱦᱤᱲᱤᱡ ᱠᱟᱹᱢᱤᱭᱟᱹ ᱟᱭ ᱰᱤ ᱥᱮ ᱯᱟᱥᱣᱟᱨᱰ ᱾,,
login_needs_internet,Connect to the internet for your first login on this device.,इस डिवाइस पर पहली बार लॉग इन करने के लिए इंटरनेट से जुड़ें।,ᱱᱚᱣᱟ ᱡᱚᱱᱛᱚᱨ ᱨᱮ ᱟᱢᱟᱜ ᱯᱩᱭᱞᱩ ᱞᱚᱜᱤᱱ ᱞᱟᱹᱜᱤᱫ ᱤᱱᱴᱟᱨᱱᱮᱴ ᱥᱟᱞᱟᱜ ᱡᱚᱲᱟᱣ ᱢᱮ ᱾,,
menu_logout,Log Out,लॉग आउट,ᱞᱚᱜᱽ ᱟᱣᱩᱴ,,
sync_logged_in_as,{0} ({1}),{0} ({1}),{0} ({1}),,
sync_status_synced,All progress synced,सारी प्रगति सिंक हो गई,ᱥᱟᱱᱟᱢ ᱞᱟᱦᱟᱱᱛᱤ ᱥᱤᱝᱠ ᱦᱩᱭ ᱟᱠᱟᱱᱟ,,
sync_status_pending,{0} attempt(s) waiting to sync,{0} प्रयास सिंक होने की प्रतीक्षा में,{0} ᱜᱚᱴᱟᱝ ᱨᱤᱠᱟᱹ (ᱠᱚ) ᱥᱤᱝᱠ ᱞᱟᱹᱜᱤᱫ ᱛᱮ ᱛᱟᱺᱜᱤ ᱟᱠᱟᱫᱟ,,
sync_status_syncing,Syncing…,सिंक हो रहा है…,ᱥᱤᱝᱠᱚᱜ ᱠᱟᱱᱟ ᱾,,
sync_status_relogin,Log in again while online to sync {0} attempt(s),{0} प्रयास सिंक करने के लिए ऑनलाइन रहते हुए फिर से लॉग इन करें,{0} ᱜᱚᱴᱟᱝ ᱨᱤᱠᱟᱹ ᱥᱤᱝᱠ ᱞᱟᱹᱜᱤᱫ ᱚᱱᱞᱟᱭᱤᱱ ᱨᱮ ᱛᱟᱦᱮᱱ ᱚᱠᱛᱚ ᱟᱨᱦᱚᱸ ᱞᱚᱜᱤᱱ ᱢᱮ,,
quiz_title,Fire Safety Quiz,अग्नि सुरक्षा क्विज़,ᱥᱮᱸᱜᱮᱞ ᱨᱮᱭᱟᱜ ᱦᱚᱨᱦᱚ ᱠᱩᱭᱤᱡᱽ,,
quiz_progress_format,Question {0}/{1},प्रश्न {0}/{1},ᱠᱩᱠᱞᱤ {0}/{1},,
quiz_correct,✓ Correct!,✓ सही!,✓ ᱴᱷᱤᱠ!,,
quiz_incorrect_format,✗ Not quite. The answer is: {0},✗ सही नहीं। सही उत्तर है: {0},ᱵᱟᱝ ᱴᱷᱤᱠ ᱜᱮᱭᱟ ᱾ ᱛᱮᱞᱟ ᱫᱚ ᱦᱩᱭᱩᱜ ᱠᱟᱱᱟ: {0},,
quiz_see_results,SEE RESULTS,परिणाम देखें,ᱯᱷᱚᱞᱚᱢ ᱧᱮᱞᱢᱮ,,
quiz_result_pass_title,QUIZ PASSED!,क्विज़ पास!,ᱠᱩᱭᱤᱡᱽ ᱯᱟᱥ ᱦᱩᱭᱮᱱᱟ !,,
quiz_result_fail_title,NOT QUITE — TRY AGAIN,पास नहीं हुए — फिर से कोशिश करें,ᱯᱩᱨᱟᱹ ᱵᱟᱝ ᱼ ᱫᱚᱲᱦᱟ ᱠᱷᱚᱱ ᱠᱩᱨᱩᱢᱩᱴᱩᱭ ᱢᱮ,,
quiz_result_pass_format,You scored {0}/{1}. Great job!,आपके {1} में से {0} अंक आए। बहुत बढ़िया!,ᱟᱢ ᱫᱚ {0}/{1} ᱮᱢ ᱧᱟᱢ ᱟᱠᱟᱫᱟ ᱾ ᱟᱹᱰᱤ ᱱᱟᱯᱟᱭ ᱠᱟᱹᱢᱤ ᱟᱠᱟᱫᱟ !,,
quiz_result_fail_format,You scored {0}/{1}. You need {2} to pass.,आपके {1} में से {0} अंक आए। पास होने के लिए {2} चाहिए।,ᱟᱢ ᱫᱚ {0}/{1} ᱮᱢ ᱧᱟᱢ ᱟᱠᱟᱫᱟ ᱾ ᱯᱟᱥ ᱞᱟᱹᱜᱤᱫ ᱟᱢ ᱫᱚ {2} ᱞᱟᱹᱠᱛᱤᱭᱟ ᱾,,
quiz_q_identify_ext,Identify this fire extinguisher. What type of fire is it used for?,इस अग्निशामक को पहचानें। यह किस प्रकार की आग के लिए है?,ᱱᱚᱣᱟ ᱥᱮᱸᱜᱮᱞ ᱵᱩᱡᱷᱟᱹᱣ ᱢᱮ ᱾ ᱱᱚᱣᱟ ᱫᱚ ᱪᱮᱫ ᱞᱮᱠᱟᱱ ᱥᱮᱸᱜᱮᱞ ᱞᱟᱹᱜᱤᱫ ᱵᱮᱵᱷᱟᱨᱚᱜᱼᱟ?,,
quiz_opt_class_a,"Class A: ordinary combustibles like wood, paper and cloth","क्लास A: लकड़ी, कागज़ और कपड़े जैसे सामान्य ज्वलनशील पदार्थ","ᱠᱞᱟᱥ A: ᱠᱟᱴ, ᱠᱟᱜᱚᱡᱽ ᱟᱨ ᱞᱩᱜᱽᱲᱤ ᱞᱮᱠᱟᱱ ᱥᱟᱫᱷᱟᱨᱚᱱ ᱡᱩᱞ ᱫᱟᱜ ᱞᱮᱠᱟᱱ ᱡᱤᱱᱤᱥ",,
quiz_opt_class_bc,Class BC: flammable liquids and electrical fires,क्लास BC: ज्वलनशील तरल और बिजली की आग,ᱠᱞᱟᱥ BC: ᱡᱩᱞᱩᱜ ᱞᱮᱠᱟᱱ ᱞᱮᱦᱮ ᱟᱨ ᱵᱤᱡᱽᱞᱤ ᱨᱮᱭᱟᱜ ᱥᱮᱸᱜᱮᱞ,,
quiz_opt_class_abc,"Class ABC: multipurpose, works on all three","क्लास ABC: बहुउद्देशीय, तीनों पर काम करता है","ᱠᱞᱟᱥ ABC: ᱟᱭᱢᱟ ᱡᱚᱥ ᱞᱟᱹᱜᱤᱫ, ᱯᱮᱭᱟ ᱨᱮᱜᱮ ᱠᱟᱹᱢᱤᱭᱟ",,
quiz_opt_gas_only,Only for gas leaks,केवल गैस रिसाव के लिए,ᱮᱠᱮᱱ ᱜᱮᱥ ᱞᱤᱠ ᱞᱟᱹᱜᱤᱫ,,
quiz_exp_ext_grey,"The GREY extinguisher is Class A: wood, paper and cloth. Never use it on liquid or electrical fires.","ग्रे अग्निशामक क्लास A है: लकड़ी, कागज़ और कपड़ा। इसे तरल या बिजली की आग पर कभी इस्तेमाल न करें।","ᱥᱮᱛᱟᱜ ᱨᱚᱝ ᱨᱮᱭᱟᱜ ᱥᱮᱸᱜᱮᱞ ᱵᱩᱡᱷᱟᱹᱣ ᱡᱚᱱᱛᱨᱚ ᱫᱚ A ᱪᱟᱱᱟᱪ ᱨᱮᱭᱟᱜ ᱠᱟᱱᱟ: ᱠᱟᱹᱴᱷ, ᱠᱟᱜᱚᱡᱽ ᱟᱨ ᱜᱮᱸᱫᱟᱜᱽ ᱾ ᱛᱚᱨᱚᱞ ᱥᱮ ᱵᱤᱡᱽᱞᱤ ᱨᱮᱭᱟᱜ ᱥᱮᱸᱜᱮᱞ ᱨᱮ ᱛᱤᱥᱦᱚᱸ ᱵᱟᱝ ᱵᱮᱵᱷᱟᱨ ᱢᱟ ᱾",,
quiz_exp_ext_yellow,The YELLOW extinguisher is Class BC: flammable liquids and electrical fires.,पीला अग्निशामक क्लास BC है: ज्वलनशील तरल और बिजली की आग।,ᱥᱟᱥᱟᱝ ᱨᱚᱝ ᱨᱮᱭᱟᱜ ᱥᱮᱸᱜᱮᱞ ᱵᱩᱡᱷᱟᱹᱣ ᱡᱚᱱᱛᱨᱚ ᱫᱚ ᱦᱩᱭᱩᱜ ᱠᱟᱱᱟ ᱠᱞᱟᱥ BC: ᱡᱳᱞᱟᱜ ᱞᱮᱠᱟᱱ ᱞᱮᱦᱮ ᱟᱨ ᱵᱤᱡᱽᱞᱤ ᱨᱮᱭᱟᱜ ᱥᱮᱸᱜᱮᱞ ᱾,,
quiz_exp_ext_red,"The RED extinguisher is ABC multipurpose, the safest choice when a fire could spread across several materials.","लाल अग्निशामक ABC बहुउद्देशीय है — जब आग कई चीज़ों में फैल सकती हो, तब यह सबसे सुरक्षित विकल्प है।","ᱟᱨᱟᱜ ᱨᱚᱝ ᱨᱮᱭᱟᱜ ᱥᱮᱸᱜᱮᱞ ᱵᱩᱡᱷᱟᱹᱣ ᱡᱚᱱᱛᱨᱚ ᱫᱚ ABC ᱟᱭᱢᱟ ᱡᱚᱥ ᱞᱟᱹᱜᱤᱫ ᱵᱮᱵᱷᱟᱨᱚᱜᱼᱟ, ᱡᱚᱠᱷᱚᱱ ᱥᱮᱸᱜᱮᱞ ᱟᱭᱢᱟ ᱡᱤᱱᱤᱥ ᱨᱮ ᱯᱟᱥᱱᱟᱣ ᱫᱟᱲᱮᱭᱟᱜᱼᱟ ᱩᱱᱫᱚ ᱱᱚᱣᱟ ᱫᱚ ᱡᱚᱛᱚᱠᱷᱚᱱ ᱱᱤᱨᱟᱹᱭ ᱵᱟᱪᱷᱟᱣ ᱠᱟᱱᱟ ᱾",,
quiz_q_trash,Paper in this trash can is on fire. Which extinguisher should you grab?,इस कूड़ेदान में कागज़ जल रहा है। आपको किस अग्निशामक को उठाना चाहिए?,ᱱᱚᱣᱟ ᱡᱚᱵᱽᱨᱟ ᱰᱟᱵᱟ ᱨᱮᱭᱟᱜ ᱠᱟᱜᱚᱡᱽ ᱨᱮ ᱥᱮᱸᱜᱮᱞ ᱞᱟᱜᱟᱣ ᱟᱠᱟᱱᱟ ᱾ ᱟᱢ ᱚᱠᱟ ᱥᱮᱸᱜᱮᱞ ᱵᱩᱡᱷᱟᱹᱣ ᱡᱚᱛᱨᱟ ᱟᱢ ᱥᱟᱵ ᱦᱟᱛᱟᱣ ᱞᱟᱹᱠᱛᱤ ?,,
quiz_opt_grey_ext,The GREY one (Class A),ग्रे वाला (क्लास A),ᱥᱮᱛᱟᱜ ᱨᱚᱝ ᱨᱮᱭᱟᱜ ᱫᱚ (ᱠᱞᱟᱥ A),,
quiz_opt_yellow_ext,The YELLOW one (Class BC),पीला वाला (क्लास BC),ᱥᱟᱥᱟᱝ ᱨᱚᱝ ᱨᱮᱭᱟᱜ ᱫᱚ (ᱠᱞᱟᱥ BC),,
quiz_opt_red_ext,The RED one (ABC),लाल वाला (ABC),ᱟᱨᱟᱜ ᱨᱚᱝ ᱨᱮᱭᱟᱜ ᱫᱚ (ABC),,
quiz_opt_let_burn,None. Let it burn out on its own,कोई नहीं — अपने आप बुझने दें,ᱡᱟᱦᱟᱱ ᱵᱟᱝ ᱾ ᱱᱚᱣᱟ ᱫᱚ ᱟᱡᱛᱮ ᱜᱮ ᱞᱚᱜ ᱚᱪᱚᱭᱢᱮ,,
quiz_opt_carry_outside,None. Carry the burning bin outside,कोई नहीं — जलता कूड़ेदान बाहर ले जाएँ,ᱵᱟᱝ ᱾ ᱡᱩᱞᱩᱜ ᱵᱤᱱ ᱵᱟᱨᱦᱮ ᱥᱮᱫ ᱤᱫᱤᱭᱟ,,
quiz_exp_trash,"Burning paper is a Class A fire (ordinary combustibles), so the GREY Class A extinguisher is the one to grab.","जलता कागज़ क्लास A आग है (सामान्य ज्वलनशील पदार्थ), इसलिए ग्रे क्लास A अग्निशामक उठाएँ।","ᱠᱟᱜᱚᱡᱽ ᱡᱩᱞᱩᱜ ᱫᱚ ᱢᱤᱫᱴᱟᱝ ᱠᱞᱟᱥ A ᱨᱮᱭᱟᱜ ᱥᱮᱸᱜᱮᱞ (ᱥᱟᱫᱷᱟᱨᱚᱱ ᱡᱩᱞᱩᱜ ᱫᱩᱨᱤᱵᱽ) ᱠᱟᱱᱟ, ᱚᱱᱟᱛᱮ ᱥᱮᱛᱟᱜ ᱨᱚᱝ ᱠᱞᱟᱥ A ᱮᱠᱥᱴᱤᱝᱜᱩᱭᱤᱥᱟᱨ ᱫᱚ ᱦᱟᱛᱟᱣ ᱞᱟᱹᱜᱤᱫ ᱾",,
quiz_q_appliance_not_use,A toaster and kettle caught fire at a plugged-in outlet. Which extinguisher must you NOT use?,प्लग लगे सॉकेट पर टोस्टर और केतली में आग लग गई। आपको किस अग्निशामक का इस्तेमाल नहीं करना चाहिए?,ᱢᱤᱫᱴᱟᱝ ᱴᱳᱥᱴᱟᱨ ᱟᱨ ᱠᱮᱴᱚᱞ ᱢᱤᱫᱴᱟᱝ ᱯᱞᱟᱜᱽ ᱤᱱ ᱟᱣᱩᱴᱞᱮᱴ ᱨᱮ ᱥᱮᱸᱜᱮᱞ ᱞᱟᱜᱟᱣ ᱞᱮᱱᱟ ᱾ ᱟᱢ ᱚᱠᱟ ᱵᱟᱝ ᱵᱮᱵᱷᱟᱨ ᱦᱩᱭᱩᱜ ᱞᱟᱹᱠᱛᱤ ᱵᱟᱝ ᱵᱮᱵᱷᱟᱨ ᱦᱩᱭᱩᱜ ᱞᱟᱹᱠᱛᱤ ᱵᱟᱝ ᱵᱮᱵᱷᱟᱨ ᱦᱩᱭᱩᱜ ᱞᱟᱹᱠᱛᱤ ᱵᱟᱝ ᱵᱮᱵᱷᱟᱨ ᱦᱩᱭᱩᱜ ᱞᱟᱹᱠᱛᱤ ᱵᱟᱝ ᱵᱮᱵᱷᱟᱨ ᱦᱩᱭᱩᱜ ᱞᱟᱹᱠᱛᱤ ᱵᱟᱝ ᱵᱮᱵᱷᱟᱨ ᱦᱩᱭᱩᱜ ᱞᱟᱹᱠᱛᱤ ᱵᱟᱝ ᱵᱮᱵᱷᱟᱨ ᱦᱩᱭᱩᱜ ᱞᱟᱹᱠᱛᱤ ᱵᱟᱝ ᱵᱮᱵᱷᱟᱨ ᱦᱩᱭᱩᱜ ᱞᱟᱹᱠᱛᱤ ᱵᱟᱝ ᱵᱮᱵᱷᱟᱨ ᱦᱩᱭᱩᱜ ᱞᱟᱹᱠᱛᱤ ᱵᱟᱝ ᱵᱮᱵᱷᱟᱨ ᱦᱩᱭᱩᱜ ᱞᱟᱹᱠᱛᱤ ᱵᱟᱝ ᱵᱮᱵᱷᱟᱨ ᱦᱩᱭᱩᱜ ᱞᱟᱹᱠᱛᱤ ᱵᱟᱝ ᱵᱮᱵᱷᱟᱨ ᱦᱩᱭᱩᱜ ᱞᱟᱹᱠᱛᱤ ᱵᱟᱝ ᱵᱮᱵᱷᱟᱨ ᱦᱩᱭᱩᱜ ᱞᱟᱹᱠᱛᱤ ᱵᱟᱝ ᱵᱮᱵᱷᱟᱨ ᱦᱩᱭᱩᱜ ᱞᱟᱹᱠᱛᱤ ᱵᱟᱝ ᱵᱮᱵᱷᱟᱨ ᱦᱩᱭᱩᱜ ᱞᱟᱹᱠᱛᱤ ᱵᱟᱝ ᱵᱮᱵᱷᱟᱨ ᱦᱩᱭᱩᱜ ᱞᱟᱹᱠᱛᱤ ᱵᱟᱝ ᱵᱮᱵᱷᱟᱨ ᱦᱩᱭᱩᱜ ᱞᱟᱹᱠᱛᱤ ᱵᱟᱝ ᱵᱮᱵᱷᱟᱨ ᱦᱩᱭᱩᱜ ᱞᱟᱹᱠᱛᱤ ᱵᱟᱝ ᱵᱮᱵᱷᱟᱨ ᱦᱩᱭᱩᱜ ᱞᱟᱹᱠᱛᱤ ᱵᱟᱝ ᱵᱮᱵᱷᱟᱨ ᱦᱩᱭᱩᱜ ᱞᱟᱹᱠᱛᱤ ᱵᱟᱝ ᱵᱮᱵᱷᱟᱨ ᱦᱩᱭᱩᱜ ᱞᱟᱹᱠᱛᱤ ᱵᱟᱝ ᱵᱮᱵᱷᱟᱨ ᱦᱩᱭᱩᱜ ᱞᱟᱹᱠᱛᱤ ᱵᱟᱝ ᱵᱮᱵᱷᱟᱨ ᱦᱩᱭᱩᱜ ᱞᱟᱹᱠᱛᱤ ᱵᱟᱝ ᱵᱮᱵᱷᱟᱨ ᱦᱩᱭᱩᱜ ᱞᱟᱹᱠᱛᱤ ᱵᱟᱝ ᱵᱮᱵᱷᱟᱨ ᱦᱩᱭᱩᱜ ᱞᱟᱹᱠᱛᱤ ᱵᱟᱝ ᱵᱮᱵᱷᱟᱨ ᱦᱩᱭᱩᱜ ᱞᱟᱹᱠᱛᱤ ᱵᱟᱝ ᱵᱮᱵᱷᱟᱨ ᱦᱩᱭᱩᱜ ᱞᱟᱹᱠᱛᱤ ᱵᱟᱝ ᱵᱮᱵᱷᱟᱨ ᱦᱩᱭᱩᱜ ᱞᱟᱹᱠᱛᱤ ᱵᱟᱝ ᱵᱮᱵᱷᱟᱨ ᱦᱩᱭᱩᱜ ᱞᱟᱹᱠᱛᱤ ᱵᱟᱝ ᱵᱮᱵᱷᱟᱨ ᱦᱩᱭᱩᱜ ᱞᱟᱹᱠᱛᱤ ᱵᱟᱝ ᱵᱮᱵᱷᱟᱨ ᱦᱩᱭᱩᱜ ᱞᱟᱹᱠᱛᱤ ᱵᱟᱝ ᱵᱮᱵᱷᱟᱨ ᱦᱩᱭᱩᱜ ᱞᱟᱹᱠᱛᱤ ᱵᱟᱝ ᱵᱮᱵᱷᱟᱨ ᱦᱩᱭᱩᱜ ᱞᱟᱹᱠᱛᱤ ᱵᱟᱝ ᱵᱮᱵᱷᱟᱨ ᱦᱩᱭᱩᱜ ᱞᱟᱹᱠᱛᱤ ᱵᱟᱝ ᱵᱮᱵᱷᱟᱨ ᱦᱩᱭᱩᱜ ᱞᱟᱹᱠᱛᱤ ᱵᱟᱝ ᱵᱮᱵᱷᱟᱨ ᱦᱩᱭᱩᱜ ᱞᱟᱹᱠᱛᱤ ᱵᱟᱝ ᱵᱮᱵᱷᱟᱨ ᱦᱩᱭᱩᱜ ᱞᱟᱹᱠᱛᱤ ᱵᱟᱝ ᱵᱮᱵᱷᱟᱨ ᱦᱩᱭᱩᱜ ᱞᱟᱹᱠᱛᱤ ᱵᱟᱝ ᱵᱮᱵᱷᱟᱨ ᱦᱩᱭᱩᱜ ᱞᱟᱹᱠᱛᱤ ᱵᱟᱝ ᱵᱮᱵᱷᱟᱨ ᱦᱩᱭᱩᱜ ᱞᱟᱹᱠᱛᱤ ᱵᱟᱝ ᱵᱮᱵᱷᱟᱨ ᱦᱩᱭᱩᱜ ᱞᱟᱹᱠᱛᱤ ᱵᱟᱝ ᱵᱮᱵᱷᱟᱨ ᱦᱩᱭᱩᱜ ᱞᱟᱹᱠᱛᱤ ᱵᱟᱝ ᱵᱮᱵᱷᱟᱨ ᱦᱩᱭᱩᱜ ᱞᱟᱹᱠᱛᱤ ᱵᱟᱝ ᱵᱮᱵᱷᱟᱨ ᱦᱩᱭᱩᱜ ᱞᱟᱹᱠᱛᱤ ᱵᱟᱝ ᱵᱮᱵᱷᱟᱨ ᱦᱩᱭᱩᱜ ᱞᱟᱹᱠᱛᱤ ᱵᱟᱝ ᱵᱮᱵᱷᱟᱨ ᱦᱩᱭᱩᱜ ᱞᱟᱹᱠᱛᱤ ᱵᱟᱝ ᱵᱮᱵᱷᱟᱨ ᱦᱩᱭᱩᱜ ᱞᱟᱹᱠᱛᱤ ᱵᱟᱝ ᱵᱮᱵᱷᱟᱨ ᱦᱩᱭᱩᱜ ᱞᱟᱹᱠᱛᱤ ᱵᱟᱝ ᱵᱮᱵᱷᱟᱨ ᱦᱩᱭᱩᱜ ᱞᱟᱹᱠᱛᱤ ᱵᱟᱝ ᱵᱮᱵᱷᱟᱨ ᱦᱩᱭᱩᱜ ᱞᱟᱹᱠᱛᱤ ᱵᱟᱝ ᱵᱮᱵᱷᱟᱨ ᱦᱩᱭᱩᱜ ᱞᱟᱹᱠᱛᱤ ᱵᱟᱝ ᱵᱮᱵᱷᱟᱨ ᱦᱩᱭᱩᱜ ᱞᱟᱹᱠᱛᱤ ᱵᱟᱝ ᱵᱮᱵᱷᱟᱨ ᱦᱩᱭᱩᱜ ᱞᱟᱹᱠᱛᱤ ᱵᱟᱝ ᱵᱮᱵᱷᱟᱨ ᱦᱩᱭᱩᱜ ᱞᱟᱹᱠᱛᱤ ᱵᱟᱝ ᱵᱮᱵᱷᱟᱨ ᱦᱩᱭᱩᱜ ᱞᱟᱹᱠᱛᱤ ᱵᱟᱝ ᱵᱮᱵᱷᱟᱨ ᱦᱩᱭᱩᱜ ᱞᱟᱹᱠᱛᱤ ᱵᱟᱝ ᱵᱮᱵᱷᱟᱨ ᱦᱩᱭᱩᱜ ᱞᱟᱹᱠᱛᱤ ᱵᱟᱝ ᱵᱮᱵᱷᱟᱨ ᱦᱩᱭᱩᱜ ᱞᱟᱹᱠᱛᱤ ᱵᱟᱝ ᱵᱮᱵᱷᱟᱨ ᱦᱩᱭᱩᱜ ᱞᱟᱹᱠᱛᱤ ᱵᱟᱝ ᱵᱮᱵᱷᱟᱨ ᱦᱩᱭᱩᱜ ᱞᱟᱹᱠᱛᱤ ᱵᱟᱝ ᱵᱮᱵᱷᱟᱨ ᱦᱩᱭᱩᱜ ᱞᱟᱹᱠᱛᱤ ᱵᱟᱝ ᱵᱮᱵᱷᱟᱨ ᱦᱩᱭᱩᱜ ᱞᱟᱹᱠᱛᱤ ᱵᱟᱝ ᱵᱮᱵᱷᱟᱨ ᱦᱩᱭᱩᱜ ᱞᱟᱹᱠᱛᱤ ᱵᱟᱝ ᱵᱮᱵᱷᱟᱨ ᱦᱩᱭᱩᱜ ᱞᱟᱹᱠᱛᱤ ᱵᱟᱝ ᱵᱮᱵᱷᱟᱨ ᱦᱩᱭᱩᱜ ᱞᱟᱹᱠᱛᱤ ᱵᱟᱝ ᱵᱮᱵᱷᱟᱨ ᱦᱩᱭᱩᱜ ᱞᱟᱹᱠᱛᱤ ᱵᱟᱝ ᱵᱮᱵᱷᱟᱨ ᱦᱩᱭᱩᱜ ᱞᱟᱹᱠᱛᱤ ᱵᱟᱝ ᱵᱮᱵᱷᱟᱨ ᱦᱩᱭᱩᱜ ᱞᱟᱹᱠᱛᱤ ᱵᱟᱝ ᱵᱮᱵᱷᱟᱨ ᱦᱩᱭᱩᱜ ᱞᱟᱹᱠᱛᱤ ᱵᱟᱝ ᱵᱮᱵᱷᱟᱨ ᱦᱩᱭᱩᱜ ᱞᱟᱹᱠᱛᱤ ᱵᱟᱝ ᱵᱮᱵᱷᱟᱨ ᱦᱩᱭᱩᱜ ᱞᱟᱹᱠᱛᱤ ᱵᱟᱝ ᱵᱮᱵᱷᱟᱨ ᱦᱩᱭᱩᱜ ᱞᱟᱹᱠᱛᱤ ᱵᱟᱝ ᱵᱮᱵᱷᱟᱨ ᱦᱩᱭᱩᱜ ᱞᱟᱹᱠᱛᱤ ᱵᱟᱝ ᱵᱮᱵᱷᱟᱨ ᱦᱩᱭᱩᱜ ᱞᱟᱹᱠᱛᱤ ᱵᱟᱝ ᱵᱮᱵᱷᱟᱨ ᱦᱩᱭᱩᱜ ᱞᱟᱹᱠᱛᱤ ᱵᱟᱝ ᱵᱮᱵᱷᱟᱨ ᱦᱩᱭᱩᱜ ᱞᱟᱹᱠᱛᱤ ᱵᱟᱝ ᱵᱮᱵᱷᱟᱨ ᱦᱩᱭᱩᱜ ᱞᱟᱹᱠᱛᱤ ᱵᱟᱝ ᱵᱮᱵᱷᱟᱨ ᱦᱩᱭᱩᱜ ᱞᱟᱹᱠᱛᱤ ᱵᱟᱝ ᱵᱮᱵᱷᱟᱨ ᱦᱩᱭᱩᱜ ᱞᱟᱹᱠᱛᱤ ᱵᱟᱝ ᱵᱮᱵᱷᱟᱨ ᱦᱩᱭᱩᱜ ᱞᱟᱹᱠᱛᱤ ᱵᱟᱝ ᱵᱮᱵᱷᱟᱨ ᱦᱩᱭᱩᱜ ᱞᱟᱹᱠᱛᱤ ᱵᱟᱝ ᱵᱮᱵᱷᱟᱨ ᱦᱩᱭᱩᱜ ᱞᱟᱹᱠᱛᱤ ᱵ,,
quiz_opt_all_safe,None. They are all safe here,कोई नहीं — यहाँ सभी सुरक्षित हैं,ᱡᱟᱦᱟᱱ ᱦᱚᱲ ᱵᱟᱝ ᱾ ᱩᱱᱠᱩ ᱡᱚᱛᱚ ᱜᱮ ᱱᱚᱸᱰᱮ ᱨᱮ ᱱᱤᱨᱟᱹᱭ ᱨᱮᱠᱚ ᱢᱮᱱᱟᱜ ᱠᱚᱣᱟ,,
quiz_exp_appliance,"This is an electrical (Class BC) fire. Using the GREY Class A extinguisher here is dangerous, not just ineffective.","यह बिजली की (क्लास BC) आग है। यहाँ ग्रे क्लास A अग्निशामक का इस्तेमाल सिर्फ़ बेअसर नहीं, बल्कि खतरनाक है।","ᱱᱚᱣᱟ ᱫᱚ ᱢᱤᱫᱴᱟᱝ ᱵᱤᱡᱽᱞᱤ (ᱠᱞᱟᱥ BC) ᱨᱮᱭᱟᱜ ᱥᱮᱸᱜᱮᱞ ᱠᱟᱱᱟ ᱾ ᱱᱚᱸᱰᱮ ᱥᱮᱛᱟᱜ ᱨᱚᱝ ᱠᱞᱟᱥ A ᱨᱮᱭᱟᱜ ᱥᱮᱸᱜᱮᱞ ᱵᱩᱡᱷᱟᱹᱣ ᱡᱚᱱᱛᱨᱚ ᱵᱮᱵᱷᱟᱨ ᱫᱚ ᱵᱚᱛᱚᱨᱟᱱᱟᱜ ᱜᱮᱭᱟ, ᱮᱠᱮᱱ ᱵᱟᱝ ᱠᱟᱹᱢᱤᱭᱟᱹ ᱫᱚ ᱵᱟᱝ ᱠᱟᱱᱟ ᱾",,
quiz_q_furnace,The gas furnace is on fire. What must you do before putting the fire out?,गैस भट्टी में आग लगी है। आग बुझाने से पहले आपको क्या करना चाहिए?,ᱜᱮᱥ ᱪᱩᱞᱦᱟᱹ ᱨᱮ ᱥᱮᱸᱜᱮᱞ ᱞᱟᱜᱟᱣ ᱟᱠᱟᱱᱟ ᱾ ᱥᱮᱸᱜᱮᱞ ᱵᱟᱝ ᱵᱩᱡᱷᱟᱹᱣ ᱞᱟᱦᱟᱨᱮ ᱟᱢ ᱪᱮᱫ ᱠᱚᱢ ᱦᱩᱭᱩᱜᱼᱟ ?,,
quiz_opt_shut_gas,Shut off the gas supply,गैस की आपूर्ति बंद करें,ᱜᱮᱥ ᱥᱚᱨᱚᱵᱚᱨᱟᱦᱚ ᱵᱚᱱᱫᱚᱭ ᱢᱮ,,
quiz_opt_open_door,Open the furnace door to look inside,अंदर देखने के लिए भट्टी का दरवाज़ा खोलें,ᱵᱷᱤᱛᱤᱨ ᱨᱮ ᱧᱮᱞ ᱞᱟᱹᱜᱤᱫ ᱪᱩᱞᱦᱟᱹ ᱨᱮᱭᱟᱜ ᱫᱩᱣᱟᱹᱨ ᱠᱷᱩᱞᱟᱹᱣ ᱢᱮ,,
quiz_opt_spray_top,Spray at the top of the flames,लपटों की चोटी पर स्प्रे करें,ᱥᱮᱸᱜᱮᱞ ᱪᱮᱛᱟᱱ ᱨᱮ ᱥᱯᱨᱮ ᱢᱮ,,
quiz_opt_turn_up,Turn the furnace up to burn the fuel off,ईंधन जलाने के लिए भट्टी तेज़ कर दें,ᱡᱩᱞ ᱥᱟᱢᱟᱱ ᱡᱩᱞ ᱞᱟᱹᱜᱤᱫ ᱪᱩᱞᱦᱟᱹ ᱞᱟᱯᱷᱟᱝ ᱢᱮ,,
quiz_exp_furnace,"Shut off the gas first. If the flames go out while gas keeps flowing, the gas builds up and can explode.","पहले गैस बंद करें। अगर गैस बहती रहे और लपटें बुझ जाएँ, तो गैस जमा होकर विस्फोट कर सकती है।","ᱯᱟᱹᱦᱤᱞ ᱜᱮᱥ ᱵᱚᱱᱫᱚᱭ ᱢᱮ ᱾ ᱡᱩᱫᱤ ᱜᱮᱥ ᱞᱟᱦᱟᱜ ᱚᱠᱛᱚ ᱥᱮᱸᱜᱮᱞ ᱵᱩᱡᱷᱟᱹᱜᱼᱟ, ᱛᱚᱵᱮ ᱜᱮᱥ ᱡᱟᱣᱨᱟᱜᱼᱟ ᱟᱨ ᱯᱷᱩᱴᱟᱹᱣ ᱫᱟᱲᱮᱭᱟᱜᱼᱟ ᱾",,
quiz_q_first_action,You discover a fire. What should you do FIRST?,आपको आग दिखती है। सबसे पहले क्या करना चाहिए?,ᱟᱢ ᱢᱤᱫᱴᱟᱝ ᱥᱮᱸᱜᱮᱞ ᱮᱢ ᱧᱮᱞ ᱧᱟᱢ ᱠᱮᱫᱟ ᱾ ᱟᱢ ᱯᱟᱹᱦᱤᱞ ᱪᱮᱫ ᱮᱢ ᱠᱟᱹᱢᱤ ᱞᱟᱹᱠᱛᱤᱭᱟ ?,,
quiz_opt_sound_alarm,Sound the alarm using the manual call point,मैनुअल कॉल पॉइंट से अलार्म बजाएँ,ᱢᱮᱱᱩᱭᱟᱞ ᱠᱚᱞ ᱯᱚᱭᱮᱱᱴ ᱵᱮᱵᱷᱟᱨ ᱠᱟᱛᱮᱫ ᱟᱞᱟᱨᱢ ᱥᱟᱰᱮᱭ ᱢᱮ,,
quiz_opt_grab_nearest,Grab the nearest extinguisher,सबसे पास का अग्निशामक उठाएँ,ᱥᱩᱨ ᱨᱮᱭᱟᱜ ᱥᱮᱸᱜᱮᱞ ᱵᱟᱝ ᱞᱟᱜᱟᱣ ᱡᱚᱱᱛᱨᱚ ᱥᱟᱵ ᱢᱮ,,
quiz_opt_finish_task,Finish what you were doing,जो काम कर रहे थे उसे पूरा करें,ᱟᱢ ᱡᱟᱦᱟᱸᱢ ᱠᱟᱹᱢᱤᱭᱮᱫ ᱛᱟᱦᱮᱸᱫ ᱚᱱᱟᱢ ᱢᱩᱪᱟᱹᱫᱽ ᱢᱮ,,
quiz_opt_take_photo,Take a photo to report it later,बाद में रिपोर्ट करने के लिए फ़ोटो लें,ᱛᱟᱭᱚᱢᱛᱮ ᱵᱟᱰᱟᱭ ᱚᱪᱚᱭ ᱞᱟᱹᱜᱤᱫ ᱢᱤᱫᱴᱟᱝ ᱯᱷᱳᱴᱳ ᱦᱟᱛᱟᱣ ᱢᱮ,,
quiz_exp_first_action,Raise the alarm first so everyone can get out and help is on the way.,पहले अलार्म बजाएँ ताकि सभी बाहर निकल सकें और मदद आ सके।,ᱯᱳᱭᱞᱳ ᱨᱮ ᱥᱚᱱᱛᱚᱨ ᱠᱚᱨᱟᱣ ᱢᱮ ᱡᱟᱛᱮ ᱥᱟᱱᱟᱢ ᱦᱚᱲ ᱠᱚ ᱵᱟᱨᱦᱮ ᱦᱮᱡ ᱫᱟᱲᱮᱭᱟᱜ ᱢᱮᱭᱟ ᱟᱨ ᱜᱚᱲᱚ ᱦᱮᱡ ᱟᱠᱟᱱᱟ ᱾,,
quiz_q_pass,What does PASS stand for when using an extinguisher?,अग्निशामक इस्तेमाल करते समय PASS का क्या मतलब है?,ᱵᱟᱝ ᱡᱳᱞ ᱟᱠᱟᱱ ᱡᱤᱱᱤᱥ ᱵᱟᱝ ᱡᱳᱞ ᱞᱟᱹᱜᱤᱫ ᱡᱚᱠᱷᱚᱱ ᱵᱮᱵᱷᱟᱨ ᱦᱩᱭᱩᱜᱼᱟ ᱛᱚᱠᱷᱚᱱ PASS ᱫᱚ ᱪᱮᱫ ᱠᱟᱱᱟ ?,,
quiz_opt_pass_correct,"Pull, Aim, Squeeze, Sweep","Pull, Aim, Squeeze, Sweep (पिन खींचें, निशाना लगाएँ, दबाएँ, घुमाएँ)","Pull, Aim, Squeeze, Sweep (ᱚᱨ ᱠᱟᱛᱮ, ᱡᱚᱥ ᱠᱟᱛᱮ, ᱪᱟᱯᱟᱫ ᱠᱟᱛᱮ, ᱥᱟᱯᱷᱟᱭ ᱠᱟᱛᱮ ᱾)",,
quiz_opt_pass_wrong1,"Push, Aim, Spray, Stop","Push, Aim, Spray, Stop","Push, Aim, Spray, Stop",,
quiz_opt_pass_wrong2,"Pull, Alert, Spray, Step back","Pull, Alert, Spray, Step back","Pull, Alert, Spray, Step back",,
quiz_opt_pass_wrong3,"Point, Aim, Shoot, Sweep","Point, Aim, Shoot, Sweep","Point, Aim, Shoot, Sweep",,
quiz_exp_pass,"PASS: Pull the pin, Aim at the base, Squeeze the handle, Sweep side to side.","PASS: पिन खींचें, आग के आधार पर निशाना लगाएँ, हैंडल दबाएँ, दाएँ-बाएँ घुमाएँ।","PASS: ᱯᱤᱱ ᱚᱨ ᱢᱮ, ᱞᱟᱛᱟᱨ ᱥᱮᱫ ᱞᱟᱹᱭ ᱢᱮ, ᱦᱮᱱᱰᱮᱞ ᱫᱚᱢᱚᱠ ᱢᱮ, ᱱᱟᱠᱷᱟ ᱥᱮᱫ ᱥᱟᱣ ᱥᱟᱣ ᱥᱟᱯᱷᱟ ᱢᱮ ᱾",,
quiz_q_aim,Where should you aim the extinguisher?,अग्निशामक का निशाना कहाँ लगाना चाहिए?,ᱟᱢ ᱚᱠᱟᱨᱮ ᱵᱟᱝ ᱡᱩᱞ ᱫᱟᱜ ᱡᱚᱱᱛᱨᱚ ᱫᱚ ᱥᱟᱵ ᱦᱩᱭᱩᱜ ᱞᱟᱹᱠᱛᱤ ?,,
quiz_opt_aim_base,At the base of the fire,आग के आधार पर,ᱥᱮᱸᱜᱮᱞ ᱨᱮᱭᱟᱜ ᱞᱟᱛᱟᱨ ᱨᱮ,,
quiz_opt_aim_top,At the top of the flames,लपटों की चोटी पर,ᱥᱮᱸᱜᱮᱞ ᱪᱮᱛᱟᱱ ᱨᱮ,,
quiz_opt_aim_smoke,Into the smoke,धुएँ में,ᱫᱷᱩᱣᱟᱹ ᱵᱷᱤᱛᱤᱨ ᱨᱮ,,
quiz_opt_aim_air,Straight up in the air,सीधे आसमान की तरफ़,ᱥᱚᱡᱷᱮ ᱞᱮᱠᱟᱛᱮ ᱦᱚᱭ ᱨᱮ ᱪᱮᱛᱟᱱ ᱨᱮ,,
quiz_exp_aim,"Aim at the base, where the fuel is burning. Spraying the flames themselves does little.","आधार पर निशाना लगाएँ, जहाँ ईंधन जल रहा है। सिर्फ़ लपटों पर स्प्रे करने से ज़्यादा फ़ायदा नहीं होता।","ᱡᱟᱦᱟᱸ ᱴᱷᱟᱶ ᱨᱮ ᱥᱩᱱᱩᱢ ᱡᱩᱞᱩᱜ ᱠᱟᱱᱟ, ᱚᱸᱰᱮ ᱜᱚᱡ ᱠᱟᱛᱮ ᱥᱟᱵ ᱢᱮ ᱾ ᱥᱮᱸᱜᱮᱞ ᱨᱮᱜᱮ ᱥᱯᱨᱮ ᱞᱮᱠᱷᱟᱱ ᱵᱟᱹᱲᱛᱤ ᱠᱤᱪᱷᱩ ᱵᱟᱝ ᱦᱩᱭᱩᱜᱼᱟ ᱾",,
quiz_q_distance,How close should you stand to the fire while using an extinguisher?,अग्निशामक इस्तेमाल करते समय आपको आग से कितनी दूर खड़ा होना चाहिए?,ᱢᱤᱫᱴᱟᱝ ᱥᱮᱸᱜᱮᱞ ᱵᱤᱨᱚᱫᱷᱤ ᱡᱚᱱᱛᱨᱚ ᱵᱮᱣᱦᱟᱨ ᱚᱠᱛᱚ ᱟᱢ ᱥᱮᱸᱜᱮᱞ ᱨᱮᱭᱟᱜ ᱛᱤᱱᱟᱹᱜ ᱥᱩᱨ ᱨᱮᱢ ᱛᱤᱸᱜᱩ ᱫᱟᱲᱮᱭᱟᱜᱼᱟ ?,,
quiz_opt_dist_4ft,No closer than about 4 ft (1.2 m),लगभग 4 फ़ुट (1.2 मीटर) से ज़्यादा पास नहीं,ᱯᱨᱟᱭ 4 ᱯᱷᱩᱴ (1ᱹ2 ᱢᱤᱴᱟᱨ) ᱠᱷᱚᱱ ᱵᱟᱝ ᱥᱩᱨ ᱨᱮ,,
quiz_opt_dist_touch,Close enough to touch it,इतना पास कि छू सकें,ᱡᱚᱴᱮᱫ ᱞᱟᱹᱜᱤᱫ ᱡᱚᱛᱷᱟᱛ ᱥᱩᱨ ᱨᱮ,,
quiz_opt_dist_any,Distance doesn't matter,दूरी से कोई फ़र्क नहीं पड़ता,ᱥᱟᱺᱜᱤᱧ ᱫᱚ ᱵᱟᱝ ᱢᱟᱱᱟᱱᱟᱜᱼᱟ,,
quiz_opt_dist_next,Right next to it so the spray is stronger,"बिल्कुल पास, ताकि स्प्रे तेज़ लगे",ᱱᱚᱣᱟ ᱥᱩᱨ ᱨᱮᱜᱮ ᱡᱟᱦᱟᱸᱛᱮ ᱥᱯᱨᱮ ᱫᱚ ᱟᱨᱦᱚᱸ ᱫᱟᱲᱮᱭᱟᱱ ᱦᱩᱭᱩᱜᱼᱟ,,
quiz_exp_distance,Stay at least 4 ft back. Getting closer risks burns and doesn't help put the fire out.,कम से कम 4 फ़ुट पीछे रहें। ज़्यादा पास जाने से जलने का खतरा है और आग बुझाने में मदद नहीं मिलती।,ᱠᱚᱢ ᱨᱮᱭᱟᱜ 4 ᱯᱷᱩᱴ ᱥᱟᱹᱜᱤᱧ ᱨᱮ ᱛᱟᱦᱮᱸᱱ ᱢᱮ ᱾ ᱟᱨᱦᱚᱸ ᱥᱩᱨ ᱥᱮᱱ ᱞᱮᱱᱠᱷᱟᱱ ᱞᱚᱞᱚ ᱫᱟᱜ ᱞᱟᱜᱟᱣ ᱨᱮᱭᱟᱜ ᱵᱚᱛᱚᱨ ᱢᱮᱱᱟᱜᱼᱟ ᱟᱨ ᱥᱮᱸᱜᱮᱞ ᱵᱟᱝ ᱵᱩᱡᱷᱟᱹᱣ ᱨᱮ ᱜᱚᱲᱚ ᱵᱟᱝ ᱮᱢᱚᱜᱼᱟ ᱾,,
quiz_status_passed_format,Fire safety quiz passed ({0}/{1}),अग्नि सुरक्षा क्विज़ पास ({0}/{1}),ᱥᱮᱸᱜᱮᱞ ᱨᱮᱭᱟᱜ ᱱᱤᱨᱟᱹᱭ ᱠᱩᱭᱤᱡᱽ ᱯᱟᱥ ᱦᱩᱭ ᱟᱠᱟᱱᱟ ({0}/{1}),,
quiz_status_not_passed,Fire safety quiz not passed. No certificate. Retry the last scenario to take the quiz again.,"आपने अग्नि सुरक्षा क्विज़ पास नहीं किया, इसलिए प्रमाणपत्र नहीं मिलेगा। क्विज़ फिर से देने के लिए अंतिम परिदृश्य दोबारा करें।",ᱥᱮᱸᱜᱮᱞ ᱨᱮᱭᱟᱜ ᱦᱚᱨᱦᱚ ᱠᱩᱭᱤᱡᱽ ᱯᱟᱥ ᱵᱟᱝ ᱦᱩᱭ ᱟᱠᱟᱱᱟ ᱾ ᱡᱟᱦᱟᱱ ᱥᱟᱨᱴᱤᱯᱷᱤᱠᱮᱴ ᱵᱟᱹᱱᱩᱜᱼᱟ ᱾ ᱠᱩᱭᱤᱡᱽ ᱫᱚᱲᱦᱟᱛᱮ ᱦᱟᱛᱟᱣ ᱞᱟᱹᱜᱤᱫ ᱢᱩᱪᱟᱹᱫ ᱥᱤᱱᱟᱨᱤᱭᱳ ᱫᱚᱲᱦᱟᱛᱮ ᱠᱩᱨᱩᱢᱩᱴᱩᱭ ᱢᱮ ᱾,,
machine_quiz_title,Machine Safety Quiz,मशीन सुरक्षा क्विज़,ᱢᱮᱥᱤᱱ ᱨᱮᱭᱟᱜ ᱦᱚᱨᱦᱚ ᱠᱩᱭᱤᱡᱽ,,
module_machine_safety_training,Conveyor Machine Safety Training,कन्वेयर मशीन सुरक्षा प्रशिक्षण,ᱠᱚᱱᱵᱷᱮᱭᱟᱨ ᱢᱮᱥᱤᱱ ᱨᱮᱭᱟᱜ ᱦᱚᱨᱦᱚᱭ ᱛᱟᱹᱞᱤᱢ,,
quiz_m_q_estop,What is this red-and-yellow switch on the control box for?,कंट्रोल बॉक्स पर यह लाल-पीला स्विच किस लिए है?,ᱱᱚᱶᱟ ᱟᱨᱟᱜᱼᱟᱨ ᱥᱟᱥᱟᱝ ᱥᱩᱭᱤᱪ ᱫᱚ ᱠᱚᱱᱴᱨᱳᱞ ᱵᱚᱠᱥ ᱨᱮ ᱪᱮᱫ ᱞᱟᱹᱜᱤᱫ ᱠᱟᱱᱟ ?,,
quiz_m_opt_estop_emergency,"Emergency stop: stops the belt instantly, in any mode",आपातकालीन रोक: किसी भी मोड में बेल्ट को तुरंत रोकता है,ᱡᱟᱹᱨᱩᱲ ᱦᱟᱞᱚᱛ ᱨᱮ ᱛᱷᱤᱨᱚᱜ ᱠᱟᱱᱟ: ᱡᱟᱦᱟᱸ ᱞᱮᱠᱟᱱ ᱢᱳᱰ ᱨᱮᱦᱚᱸ ᱵᱮᱞᱴ ᱫᱚ ᱛᱩᱨᱩᱛ ᱜᱮᱭ ᱛᱷᱤᱨᱚᱜᱼᱟ,,
quiz_m_opt_estop_start,Starting the belt,बेल्ट चालू करने के लिए,ᱵᱮᱞᱴ ᱮᱛᱚᱦᱚᱵ ᱠᱟᱛᱮᱫ,,
quiz_m_opt_estop_speed,Changing the belt speed,बेल्ट की गति बदलने के लिए,ᱵᱮᱞᱴ ᱨᱮᱭᱟᱜ ᱥᱯᱤᱰ ᱵᱚᱫᱚᱞ ᱠᱟᱛᱮᱫ,,
quiz_m_opt_estop_mode,Switching between AUTO and MANUAL,AUTO और MANUAL के बीच बदलने के लिए,AUTO ᱟᱨ MANUAL ᱢᱩᱫᱽᱨᱮ ᱵᱚᱫᱚᱞᱚᱜ ᱠᱟᱱᱟ,,
quiz_m_exp_estop,"It's the E-STOP. It stops the belt immediately whatever mode it's in, and stays latched until you reset it.",यह E-STOP है। यह किसी भी मोड में बेल्ट को तुरंत रोक देता है और रीसेट करने तक लॉक रहता है।,"ᱱᱚᱣᱟ ᱫᱚ E-STOP ᱾ ᱱᱚᱣᱟ ᱫᱚ ᱵᱮᱞᱴ ᱡᱟᱦᱟᱸ ᱢᱚᱰ ᱨᱮᱜᱮ ᱛᱟᱦᱮᱸᱱ ᱢᱮᱱᱠᱷᱟᱱ ᱞᱚᱜᱚᱱ ᱜᱮᱭ ᱦᱟᱯᱤᱫᱟ, ᱟᱨ ᱡᱚᱠᱷᱚᱱ ᱫᱷᱟᱹᱵᱤᱡ ᱵᱟᱝ ᱨᱤᱥᱮᱴᱟ ᱩᱱᱫᱷᱟᱹᱵᱤᱡ ᱞᱮᱴᱪ ᱜᱮ ᱛᱟᱦᱮᱸᱱᱟ ᱾",,
quiz_m_q_caught,Someone's sleeve gets caught in the moving belt. What do you do first?,किसी की आस्तीन चलती बेल्ट में फँस गई है। सबसे पहले क्या करेंगे?,ᱡᱟᱦᱟᱸᱭᱟᱜ ᱛᱤ ᱥᱞᱤᱵᱽ ᱪᱟᱞᱟᱜ ᱵᱮᱞᱴ ᱨᱮ ᱟᱴᱚᱠ ᱟᱠᱟᱱᱟ ᱾ ᱟᱢ ᱯᱟᱹᱦᱤᱞ ᱪᱮᱫ ᱮᱢ ᱠᱟᱹᱢᱤᱭᱟ ?,,
quiz_m_opt_caught_estop,Hit the E-STOP immediately,तुरंत E-STOP दबाएँ,ᱛᱚᱨᱟᱛᱟᱨ ᱛᱮ E-STOP ᱫᱟᱞ ᱢᱮ,,
quiz_m_opt_caught_stop_wait,Tap STOP and wait for the belt to finish,STOP दबाएँ और बेल्ट के रुकने का इंतज़ार करें,STOP ᱴᱤᱯᱤᱡ ᱴᱤᱯᱤᱡ ᱠᱞᱤᱠ ᱢᱮ ᱟᱨ ᱵᱮᱞᱴ ᱪᱟᱵᱟᱜ ᱫᱷᱟᱹᱵᱤᱡ ᱛᱟᱺᱜᱤᱭ ᱢᱮ,,
quiz_m_opt_caught_pull,Pull the sleeve free while the belt runs,बेल्ट चलते हुए आस्तीन खींचकर छुड़ाएँ,ᱵᱮᱞᱴ ᱪᱟᱞᱟᱜ ᱚᱠᱛᱚ ᱥᱞᱤᱵᱷ ᱫᱚ ᱯᱷᱨᱤ ᱛᱮ ᱚᱨ ᱢᱮ,,
quiz_m_opt_caught_slow,Turn the speed dial down,स्पीड डायल कम करें,ᱥᱯᱤᱰ ᱰᱟᱭᱮᱞ ᱞᱟᱛᱟᱨ ᱥᱮᱫ ᱟᱹᱪᱩᱨ ᱢᱮ,,
quiz_m_exp_caught,"In an emergency, the E-STOP is the fastest way to stop the belt. Only then free the person.",आपात स्थिति में E-STOP बेल्ट रोकने का सबसे तेज़ तरीका है। उसके बाद ही व्यक्ति को छुड़ाएँ।,"ᱡᱟᱹᱨᱩᱲ ᱦᱟᱞᱚᱛ ᱨᱮ, E-STOP ᱫᱚ ᱵᱮᱞᱴ ᱵᱚᱱᱫᱚᱭ ᱨᱮᱭᱟᱜ ᱡᱚᱛᱚᱠᱷᱚᱱ ᱞᱚᱜᱚᱱ ᱩᱯᱟᱹᱭ ᱠᱟᱱᱟ ᱾ ᱮᱠᱮᱱ ᱛᱟᱭᱚᱢ ᱜᱮ ᱦᱚᱲ ᱫᱚ ᱟᱲᱟᱜ ᱢᱮ ᱾",,
quiz_m_q_after_estop,"After an E-stop, how does the belt start again?",E-STOP के बाद बेल्ट फिर से कैसे चालू होती है?,"ᱢᱤᱫᱴᱟᱝ ᱤᱼᱥᱴᱚᱯ ᱛᱟᱭᱚᱢ, ᱵᱮᱞᱴ ᱫᱚ ᱪᱮᱫ ᱞᱮᱠᱟᱛᱮ ᱫᱚᱲᱦᱟ ᱮᱛᱚᱦᱚᱵᱚᱜᱼᱟ ?",,
quiz_m_opt_after_reset_start,"Reset the E-STOP, then press START (or jog) again","E-STOP रीसेट करें, फिर START (या जॉग) दोबारा दबाएँ","E-STOP ᱫᱚᱲᱦᱟ ᱠᱟᱛᱮ ᱨᱤᱥᱮᱴ ᱢᱮ, ᱛᱟᱭᱚᱢ START ᱫᱚᱲᱦᱟ ᱠᱟᱛᱮ ᱫᱚᱢ ᱢᱮ (ᱥᱮ ᱡᱚᱜᱽ ᱢᱮ)",,
quiz_m_opt_after_auto,It restarts on its own once the E-STOP is reset,E-STOP रीसेट होते ही अपने आप चालू हो जाती है,E-STOP ᱨᱤᱥᱮᱴ ᱛᱟᱭᱚᱢ ᱱᱚᱣᱟ ᱟᱡᱛᱮᱜᱮ ᱫᱚᱲᱦᱟᱜᱮ ᱪᱟᱞᱟᱜᱼᱟ,,
quiz_m_opt_after_manual,"Switch to MANUAL, which overrides the E-STOP","MANUAL पर जाएँ, वह E-STOP को ओवरराइड कर देता है","MANUAL ᱨᱮ ᱵᱚᱫᱚᱞ ᱢᱮ, ᱡᱟᱦᱟᱸ E-STOP ᱫᱚ ᱵᱟᱹᱛᱤᱞᱟ",,
quiz_m_opt_after_speed,Turn the speed dial,स्पीड डायल घुमाएँ,ᱥᱯᱤᱰ ᱰᱟᱭᱮᱞ ᱟᱹᱪᱩᱨ ᱢᱮ,,
quiz_m_exp_after_estop,Resetting the E-STOP never restarts the belt by itself. Someone has to press START or jog deliberately.,E-STOP रीसेट करने से बेल्ट अपने आप कभी चालू नहीं होती। किसी को जानबूझकर START या जॉग दबाना होता है।,E-STOP ᱨᱤᱥᱴᱟᱨ ᱨᱤᱥᱴ ᱠᱟᱛᱮᱫ ᱵᱮᱞᱴ ᱫᱚ ᱟᱡᱛᱮ ᱵᱟᱝ ᱨᱤᱥᱴᱟᱨᱚᱜᱼᱟ ᱾ ᱚᱠᱚᱭ ᱦᱚᱲ ᱫᱚ START ᱫᱟᱵᱟᱣ ᱦᱩᱭᱩᱜ ᱛᱟᱭᱟ ᱥᱮ ᱡᱚᱛᱚᱱ ᱠᱟᱛᱮᱫ ᱫᱟᱹᱲ ᱦᱩᱭᱩᱜ ᱛᱟᱭᱟ ᱾,,
quiz_m_q_normal_stop,How should you stop the belt during normal work?,सामान्य काम के दौरान बेल्ट को कैसे रोकना चाहिए?,ᱥᱟᱵᱷᱟᱵᱤᱠ ᱠᱟᱹᱢᱤ ᱚᱠᱛᱚ ᱟᱢ ᱪᱮᱫ ᱞᱮᱠᱟᱛᱮ ᱵᱮᱞᱴ ᱮᱢ ᱦᱟᱹᱯᱤᱫ ᱫᱟᱲᱮᱭᱟᱜᱼᱟ ?,,
quiz_m_opt_normal_stop,Tap the red STOP (O) button,लाल STOP (O) बटन दबाएँ,ᱟᱨᱟᱜ STOP (O) ᱵᱳᱛᱟᱢ ᱨᱮ ᱴᱷᱚᱠ ᱢᱮ,,
quiz_m_opt_normal_estop,Hit the E-STOP every time,हर बार E-STOP दबाएँ,ᱡᱚᱛᱚ ᱫᱷᱟᱣ E-STOP ᱴᱷᱮᱞᱟᱣ ᱢᱮ,,
quiz_m_opt_normal_mode,Press the AUTO/MANUAL button,AUTO/MANUAL बटन दबाएँ,AUTO/MANUAL ᱵᱳᱛᱟᱢ ᱫᱚᱢ ᱛᱷᱚᱞ ᱢᱮ,,
quiz_m_opt_normal_slow,Turn the speed dial to slow,स्पीड डायल को धीमा करें,ᱥᱯᱤᱰ ᱰᱟᱭᱮᱞ ᱫᱚ ᱵᱟᱹᱭ ᱞᱟᱹᱜᱤᱫ ᱯᱷᱮᱨᱟᱣ ᱢᱮ,,
quiz_m_exp_normal_stop,STOP is the normal way to stop the belt. Keep the E-STOP for emergencies.,बेल्ट रोकने का सामान्य तरीका STOP है। E-STOP को आपात स्थिति के लिए रखें।,STOP ᱫᱚ ᱵᱮᱞᱴ ᱦᱟᱹᱯᱤᱫ ᱨᱮᱭᱟᱜ ᱥᱟᱵᱷᱟᱵᱤᱠ ᱩᱯᱟᱹᱭ ᱠᱟᱱᱟ ᱾ ᱡᱟᱹᱨᱩᱲ ᱦᱟᱞᱚᱛ ᱞᱟᱹᱜᱤᱫ E-STOP ᱫᱚᱦᱚᱭ ᱢᱮ ᱾,,
quiz_m_q_manual,"In MANUAL mode, when does the belt move?",MANUAL मोड में बेल्ट कब चलती है?,"MANUAL ᱢᱳᱰ ᱨᱮ, ᱵᱮᱞᱴ ᱫᱚ ᱛᱤᱱ ᱚᱠᱛᱚ ᱪᱟᱞᱟᱜᱼᱟ?",,
quiz_m_opt_manual_hold,Only while you hold the green button,सिर्फ़ तब तक जब तक आप हरा बटन दबाए रखते हैं,ᱮᱠᱮᱱ ᱡᱚᱠᱷᱚᱱ ᱟᱢ ᱦᱟᱨᱤᱭᱟᱹᱲ ᱵᱳᱛᱟᱢ ᱫᱚᱦᱚᱭᱟᱢ,,
quiz_m_opt_manual_continuous,"Continuously, until you press STOP","लगातार, जब तक आप STOP न दबाएँ","ᱞᱮᱛᱟᱲ, ᱡᱟᱦᱟᱸ ᱫᱷᱟᱹᱵᱤᱡ ᱟᱢ STOP ᱵᱟᱢ ᱛᱷᱤᱭᱟᱹ",,
quiz_m_opt_manual_fast,Only at fast speed,सिर्फ़ तेज़ गति पर,ᱮᱠᱮᱱ ᱞᱚᱜᱚᱱ ᱜᱚᱛᱤ ᱨᱮᱜᱮ,,
quiz_m_opt_manual_never,It can't move in MANUAL mode,MANUAL मोड में यह नहीं चल सकती,ᱱᱚᱣᱟ ᱫᱚ MANUAL ᱢᱳᱰ ᱨᱮ ᱵᱟᱭ ᱦᱤᱡᱩᱜᱼᱟ,,
quiz_m_exp_manual,MANUAL is for jogging. The belt only moves while the green button is held and stops as soon as you let go.,MANUAL जॉग करने के लिए है। बेल्ट सिर्फ़ हरा बटन दबाए रखने पर चलती है और छोड़ते ही रुक जाती है।,MANUAL ᱫᱚ ᱡᱚᱜᱤᱝ ᱞᱟᱹᱜᱤᱫ ᱠᱟᱱᱟ ᱾ ᱵᱮᱞᱴ ᱫᱚ ᱮᱠᱮᱱ ᱩᱱᱜᱮ ᱪᱟᱞᱟᱜᱼᱟ ᱡᱚᱠᱷᱚᱱ ᱦᱟᱨᱤᱭᱟᱹᱲ ᱵᱳᱛᱟᱢ ᱫᱚᱦᱚ ᱦᱩᱭᱩᱜᱼᱟ ᱟᱨ ᱡᱚᱠᱷᱚᱱ ᱟᱢ ᱚᱱᱟᱢ ᱟᱲᱟᱜᱼᱟ ᱛᱚᱠᱷᱚᱱ ᱜᱮᱢ ᱛᱷᱤᱨᱚᱜᱼᱟ ᱾,,
quiz_m_q_mode_switch,What happens if you switch between AUTO and MANUAL while the belt is running?,बेल्ट चलते समय AUTO और MANUAL के बीच बदलने पर क्या होता है?,ᱵᱮᱞᱴ ᱪᱟᱞᱟᱜ ᱚᱠᱛᱚ ᱡᱩᱫᱤ ᱟᱢ AUTO ᱟᱨ MANUAL ᱢᱩᱫᱽᱨᱮᱢ ᱵᱚᱫᱚᱞᱟ ᱮᱱᱠᱷᱟᱱ ᱪᱮᱫ ᱦᱩᱭᱩᱜᱼᱟ?,,
quiz_m_opt_switch_stops,The belt stops first,बेल्ट पहले रुक जाती है,ᱵᱮᱞᱴ ᱫᱚ ᱯᱩᱭᱞᱩ ᱨᱮ ᱦᱟᱹᱯᱤᱫᱚᱜᱼᱟ,,
quiz_m_opt_switch_keeps,The belt keeps running,बेल्ट चलती रहती है,ᱵᱮᱞᱴ ᱫᱚ ᱪᱟᱞᱟᱜ ᱜᱮᱭᱟ,,
quiz_m_opt_switch_faster,The belt speeds up,बेल्ट तेज़ हो जाती है,ᱵᱮᱞᱴ ᱫᱚ ᱞᱚᱜᱚᱱᱚᱜᱼᱟ,,
quiz_m_opt_switch_reverse,The belt runs backwards,बेल्ट उल्टी चलने लगती है,ᱵᱮᱞᱴ ᱫᱚ ᱛᱟᱭᱚᱢ ᱥᱮᱫ ᱪᱟᱞᱟᱜᱼᱟ,,
quiz_m_exp_mode_switch,"Changing mode always stops the belt, so it's never left running unattended. Start it again in the new mode.","मोड बदलने पर बेल्ट हमेशा रुक जाती है, ताकि वह बिना निगरानी के न चले। नए मोड में उसे फिर से चालू करें।","ᱢᱳᱰ ᱵᱚᱫᱚᱞ ᱞᱮᱠᱷᱟᱱ ᱵᱮᱞᱴ ᱫᱚ ᱡᱚᱛᱚ ᱜᱷᱟᱹᱲᱤ ᱜᱮ ᱦᱟᱯᱤᱫᱚᱜᱼᱟ, ᱚᱱᱟᱛᱮ ᱱᱚᱣᱟ ᱫᱚ ᱛᱟᱭᱚᱢ ᱛᱮ ᱵᱟᱝ ᱫᱚᱦᱚ ᱠᱟᱛᱮᱫ ᱵᱟᱝ ᱪᱟᱞᱟᱜᱼᱟ ᱾ ᱱᱟᱣᱟ ᱢᱳᱰ ᱨᱮ ᱫᱚᱲᱦᱟ ᱛᱮ ᱪᱟᱹᱞᱩᱭ ᱢᱮ ᱾",,
quiz_m_q_mode_estopped,The E-STOP is pressed. Can you switch between AUTO and MANUAL?,E-STOP दबा हुआ है। क्या आप AUTO और MANUAL के बीच बदल सकते हैं?,E-STOP ᱫᱚ ᱱᱚᱶᱟ ᱨᱮ ᱫᱟᱵᱟᱣ ᱟᱠᱟᱱᱟ ᱾ ᱟᱢ ᱫᱚ AUTO ᱟᱨ MANUAL ᱢᱩᱫᱽᱨᱮᱢ ᱵᱚᱫᱚᱞ ᱫᱟᱲᱮᱭᱟᱜᱼᱟ ?,,
quiz_m_opt_estopped_reset_first,No. Reset the E-STOP first,नहीं। पहले E-STOP रीसेट करें,ᱵᱟᱝ ᱾ ᱯᱟᱹᱦᱤᱞ E-STOP ᱫᱚ ᱫᱚᱲᱦᱟ ᱠᱟᱛᱮ ᱨᱤᱱ ᱢᱮ,,
quiz_m_opt_estopped_anytime,"Yes, at any time","हाँ, कभी भी","ᱦᱮᱸ, ᱡᱟᱦᱟᱸ ᱚᱠᱛᱚ ᱨᱮᱦᱚᱸ",,
quiz_m_opt_estopped_manual_only,"Yes, but only to MANUAL","हाँ, लेकिन सिर्फ़ MANUAL पर","ᱦᱮᱸ, ᱢᱮᱱᱠᱷᱟᱱ ᱮᱠᱮᱱ MANUAL ᱫᱷᱟᱹᱵᱤᱡ",,
quiz_m_opt_estopped_running,Only while the belt is running,सिर्फ़ बेल्ट चलते समय,ᱮᱠᱮᱱ ᱡᱚᱠᱷᱚᱱ ᱵᱮᱞᱴ ᱫᱚ ᱪᱟᱞᱟᱜ ᱠᱟᱱ ᱛᱟᱦᱮᱸᱱᱟ,,
quiz_m_exp_mode_estopped,"While the E-STOP is latched, the mode button does nothing. Deal with the fault and reset the E-STOP first.",E-STOP लॉक रहने तक मोड बटन काम नहीं करता। पहले खराबी ठीक करें और E-STOP रीसेट करें।,"ᱡᱚᱠᱷᱚᱱ E-STOP ᱞᱮᱠᱷᱟ ᱦᱩᱭ ᱟᱠᱟᱱᱟ, ᱢᱳᱰ ᱵᱳᱛᱟᱢ ᱫᱚ ᱪᱮᱫ ᱦᱚᱸ ᱵᱟᱭ ᱠᱟᱹᱢᱤᱭᱟ ᱾ ᱦᱤᱲᱤᱡ ᱥᱟᱞᱟᱜ ᱵᱤᱨᱫᱟᱹ ᱢᱮ ᱟᱨ ᱯᱟᱹᱦᱤᱞ E-STOP ᱫᱚᱲᱦᱟ ᱞᱟᱹᱭ ᱢᱮ ᱾",,
quiz_m_q_hands,The belt is running. Where should your hands be?,बेल्ट चल रही है। आपके हाथ कहाँ होने चाहिए?,ᱵᱮᱞᱴ ᱫᱚ ᱪᱟᱞᱟᱜ ᱠᱟᱱᱟ ᱾ ᱟᱢᱟᱜ ᱛᱤ ᱚᱠᱟᱨᱮ ᱛᱟᱦᱮᱱ ᱞᱟᱹᱠᱛᱤ ?,,
quiz_m_opt_hands_clear,"Clear of the belt, rollers and pinch points","बेल्ट, रोलर और पिंच पॉइंट से दूर","ᱵᱮᱞᱴ, ᱨᱳᱞᱟᱨ ᱟᱨ ᱯᱤᱧᱪ ᱯᱚᱭᱮᱱᱴ ᱠᱷᱚᱱ ᱥᱟᱯᱷᱟ",,
quiz_m_opt_hands_guide,"On the belt, guiding items along","बेल्ट पर, सामान को आगे बढ़ाते हुए","ᱵᱮᱞᱴ ᱨᱮ, ᱡᱤᱱᱤᱥ ᱠᱚ ᱞᱟᱹᱭ ᱟᱠᱟᱫᱟ",,
quiz_m_opt_hands_rollers,"On the rollers, feeling for problems","रोलर पर, खराबी महसूस करने के लिए","ᱨᱳᱞᱟᱨ ᱠᱚᱨᱮ, ᱟᱱᱟᱴ ᱠᱚ ᱞᱟᱹᱜᱤᱫ ᱟᱹᱭᱠᱟᱹᱣ ᱠᱟᱛᱮᱫ",,
quiz_m_opt_hands_under,"Under the belt, ready to catch items","बेल्ट के नीचे, सामान पकड़ने के लिए","ᱵᱮᱞᱴ ᱞᱟᱛᱟᱨ ᱨᱮ, ᱡᱤᱱᱤᱥ ᱥᱟᱵ ᱞᱟᱹᱜᱤᱫ ᱛᱮᱭᱟᱨ ᱢᱮᱱᱟᱜᱼᱟ",,
quiz_m_exp_hands,"Moving belts and rollers can pull in hands, sleeves and hair. Keep clear of them while the belt runs.","चलती बेल्ट और रोलर हाथ, आस्तीन और बाल अंदर खींच सकते हैं। बेल्ट चलते समय उनसे दूर रहें।","ᱪᱟᱞᱟᱜ ᱵᱮᱞᱴ ᱟᱨ ᱨᱳᱞᱟᱨ ᱛᱤ, ᱛᱤ ᱟᱨ ᱵᱚᱦᱚᱜ ᱨᱮᱭᱟᱜ ᱵᱟᱹᱲᱤᱡ ᱠᱚ ᱚᱨ ᱫᱟᱲᱮᱭᱟᱜᱼᱟ ᱾ ᱵᱮᱞᱴ ᱪᱟᱞᱟᱜ ᱚᱠᱛᱚ ᱩᱱᱠᱩ ᱠᱷᱚᱱ ᱥᱟᱹᱜᱤᱧ ᱨᱮ ᱛᱟᱦᱮᱱ ᱢᱮ ᱾",,
quiz_m_q_jam,"A box is jammed on the belt. Before you reach in to clear it, you must:",बेल्ट पर एक डिब्बा अटक गया है। उसे निकालने के लिए हाथ डालने से पहले आपको:,"ᱵᱮᱞᱴ ᱨᱮ ᱢᱤᱫᱴᱟᱝ ᱵᱟᱠᱥᱚ ᱡᱮᱢ ᱟᱠᱟᱱᱟ ᱾ ᱚᱱᱟ ᱥᱟᱯᱷᱟ ᱞᱟᱹᱜᱤᱫ ᱛᱤ ᱵᱚᱞᱚ ᱢᱟᱲᱟᱝ ᱨᱮ, ᱟᱢ ᱫᱚ ᱱᱚᱣᱟ ᱠᱚ ᱠᱟᱹᱢᱤ ᱦᱩᱭᱩᱜ ᱛᱟᱢᱟ:",,
quiz_m_opt_jam_stop_latch,Stop the belt and latch the E-STOP so it can't start,बेल्ट रोकें और E-STOP लॉक करें ताकि वह चालू न हो सके,ᱵᱮᱞᱴ ᱫᱚᱦᱚᱭ ᱢᱮ ᱟᱨ E-STOP ᱫᱚ ᱞᱮᱠᱷᱟ ᱢᱮ ᱡᱟᱦᱟᱸᱛᱮ ᱱᱚᱣᱟ ᱫᱚ ᱵᱟᱝ ᱮᱛᱚᱦᱚᱵ ᱫᱟᱲᱮᱭᱟᱜᱼᱟ,,
quiz_m_opt_jam_quick,Reach in quickly between items,सामान के बीच जल्दी से हाथ डालें,ᱡᱤᱱᱤᱥ ᱠᱚ ᱢᱩᱫᱽᱨᱮ ᱞᱚᱜᱚᱱ ᱛᱤ ᱞᱟᱦᱟᱭ ᱢᱮ,,
quiz_m_opt_jam_faster,Speed the belt up to push it through,बेल्ट तेज़ करें ताकि डिब्बा आगे निकल जाए,ᱵᱮᱞᱴ ᱫᱚ ᱞᱟᱯᱷᱟᱝ ᱥᱮᱡᱽ ᱞᱟᱦᱟᱭ ᱢᱮ ᱡᱟᱦᱟᱸᱛᱮ ᱚᱱᱟ ᱫᱚ ᱯᱷᱤᱛᱟᱹᱭ ᱠᱟᱛᱮ ᱞᱟᱦᱟ ᱫᱟᱲᱮᱭᱟᱜᱼᱟ,,
quiz_m_opt_jam_jog,Switch to MANUAL and jog while pulling it out,MANUAL पर जाकर जॉग करते हुए डिब्बा खींचें,MANUAL ᱨᱮ ᱵᱚᱫᱚᱞ ᱢᱮ ᱟᱨ ᱚᱱᱟ ᱚᱰᱳᱠ ᱚᱠᱛᱚ ᱡᱚᱜ ᱢᱮ,,
quiz_m_exp_jam,Never reach into a conveyor that can move. Stop it and latch the E-STOP first.,जो कन्वेयर चल सकता है उसमें कभी हाथ न डालें। पहले उसे रोकें और E-STOP लॉक करें।,ᱛᱤᱥᱦᱚᱸ ᱪᱟᱞᱟᱜ ᱫᱟᱲᱮᱭᱟᱜ ᱠᱚᱱᱵᱷᱮᱭᱟᱨ ᱨᱮ ᱛᱤ ᱟᱞᱚᱢ ᱵᱚᱞᱚᱜᱼᱟ ᱾ ᱱᱚᱣᱟ ᱫᱚᱦᱚᱭ ᱢᱮ ᱟᱨ ᱯᱟᱹᱦᱤᱞ E-STOP ᱞᱚᱠ ᱢᱮ ᱾,,
quiz_m_q_before_start,"Before starting the belt, what should you check?",बेल्ट चालू करने से पहले आपको क्या जाँचना चाहिए?,"ᱵᱮᱞᱴ ᱮᱛᱚᱦᱚᱵ ᱢᱟᱲᱟᱝ ᱨᱮ, ᱟᱢ ᱪᱮᱫ ᱵᱤᱰᱟᱹᱣ ᱞᱟᱹᱠᱛᱤ ᱠᱟᱱᱟ ?",,
quiz_m_opt_before_clear,That nobody is touching the belt and the area is clear,कोई बेल्ट को छू नहीं रहा और आसपास की जगह खाली है,ᱡᱟᱦᱟᱭ ᱦᱚᱸ ᱵᱮᱞᱴ ᱵᱟᱝ ᱠᱚ ᱡᱚᱴᱮᱫ ᱮᱫᱟ ᱟᱨ ᱴᱚᱴᱷᱟ ᱫᱚ ᱯᱷᱟᱨᱟᱠ ᱜᱮᱭᱟ,,
quiz_m_opt_before_fast,That the speed is set to fast,गति तेज़ पर सेट है,ᱡᱮ ᱜᱚᱛᱤ ᱫᱚ ᱟᱹᱰᱤ ᱞᱚᱜᱚᱱ ᱛᱮ ᱛᱷᱟᱯᱚᱱ ᱟᱠᱟᱱᱟ,,
quiz_m_opt_before_nothing,Nothing. START is always safe,"कुछ नहीं, START हमेशा सुरक्षित है",ᱪᱮᱫ ᱦᱚᱸ ᱵᱟᱝ ᱾ START ᱫᱚ ᱡᱟᱣᱜᱮ ᱱᱤᱨᱟᱹᱭ ᱜᱮᱭᱟ,,
quiz_m_opt_before_estop,That the E-STOP is pressed,E-STOP दबा हुआ है,ᱡᱮ E-STOP ᱫᱚ ᱱᱚᱶᱟ ᱫᱚ ᱱᱤᱪᱟᱹᱣ ᱟᱠᱟᱱᱟ,,
quiz_m_exp_before_start,"Always make sure the area is clear before starting, so the belt can't catch anyone.","चालू करने से पहले हमेशा जगह खाली होने की पुष्टि करें, ताकि बेल्ट किसी को न पकड़ ले।",ᱮᱛᱚᱦᱚᱵ ᱢᱟᱲᱟᱝ ᱨᱮ ᱡᱚᱛᱚ ᱚᱠᱛᱚ ᱜᱮ ᱴᱷᱟᱶ ᱫᱚ ᱯᱷᱟᱨᱟᱠ ᱢᱮ ᱡᱟᱦᱟᱸᱛᱮ ᱵᱮᱞᱴ ᱡᱟᱦᱟᱸᱭ ᱦᱚᱸ ᱵᱟᱝ ᱟᱴᱚᱠ ᱫᱟᱲᱮᱭᱟᱜᱼᱟ ᱾,,
machine_task_format,Task {0}/{1} — {2},कार्य {0}/{1} — {2},ᱠᱟᱹᱢᱤ {0}/{1} — {2},,
machine_task_run_auto,Tap the green START (I) button to run the belt in AUTO mode,AUTO मोड में बेल्ट चलाने के लिए हरा START (I) बटन दबाएँ,ᱵᱮᱞᱴ ᱫᱚ AUTO ᱢᱳᱰ ᱨᱮ ᱪᱟᱞᱟᱣ ᱞᱟᱹᱜᱤᱫ ᱦᱟᱹᱲᱭᱟᱹᱨ START (I) ᱵᱳᱛᱟᱢ ᱨᱮ ᱴᱷᱚᱠ ᱢᱮ,,
machine_task_back_to_auto,Press the MANUAL/AUTO button to switch back to AUTO,वापस AUTO पर जाने के लिए MANUAL/AUTO बटन दबाएँ,AUTO ᱛᱮ ᱨᱩᱣᱟᱹᱲ ᱞᱟᱹᱜᱤᱫ MANUAL/AUTO ᱵᱳᱛᱟᱢ ᱫᱚ ᱛᱷᱚᱞᱟᱣ ᱢᱮ,,
machine_task_stop,Tap the red STOP (O) button to stop the belt,बेल्ट रोकने के लिए लाल STOP (O) बटन दबाएँ,ᱵᱮᱞᱴ ᱦᱟᱯᱤᱫ ᱞᱟᱹᱜᱤᱫ ᱟᱨᱟᱜ STOP (O) ᱵᱳᱛᱟᱢ ᱨᱮ ᱴᱷᱚᱠ ᱢᱮ,,
machine_task_estop,Tap the red-and-yellow E-STOP switch on the side of the control box,कंट्रोल बॉक्स के साइड पर लगे लाल-पीले E-STOP स्विच पर टैप करें,ᱠᱚᱱᱴᱨᱳᱞ ᱵᱚᱠᱥ ᱨᱮᱭᱟᱜ ᱥᱟᱭᱤᱰ ᱨᱮ ᱢᱮᱱᱟᱜ ᱟᱨᱟᱜᱼᱟᱨ ᱯᱤᱛᱟᱹᱞ ᱨᱚᱝ ᱨᱮᱭᱟᱜ E-STOP ᱥᱩᱭᱤᱪ ᱨᱮ ᱴᱷᱚᱠ ᱢᱮ,,
machine_task_reset,Tap the E-STOP again to reset it,रीसेट करने के लिए E-STOP पर फिर से टैप करें,ᱱᱚᱣᱟ ᱫᱚ ᱫᱚᱲᱦᱟ ᱠᱟᱛᱮ ᱨᱤᱥᱮᱴ ᱞᱟᱹᱜᱤᱫ ᱫᱚᱲᱦᱟᱛᱮ E-STOP ᱴᱮᱯ ᱢᱮ,,
machine_task_manual,Press the MANUAL/AUTO button to switch to MANUAL,MANUAL पर जाने के लिए MANUAL/AUTO बटन दबाएँ,MANUAL ᱨᱮ ᱵᱚᱫᱚᱞ ᱞᱟᱹᱜᱤᱫ MANUAL/AUTO ᱵᱳᱛᱟᱢ ᱫᱚᱢ,,
machine_task_jog,Hold the green START (I) button to jog the belt,बेल्ट जॉग करने के लिए हरा START (I) बटन दबाए रखें,ᱵᱮᱞᱴ ᱡᱚᱜᱽ ᱞᱟᱹᱜᱤᱫ ᱦᱟᱹᱲᱭᱟᱹᱨ START (I) ᱵᱳᱛᱟᱢ ᱫᱚᱦᱚᱭ ᱢᱮ,,
machine_task_speed,Tap the speed dial to change the belt speed,बेल्ट की गति बदलने के लिए स्पीड डायल पर टैप करें,ᱵᱮᱞᱴ ᱨᱮᱭᱟᱜ ᱥᱯᱤᱰ ᱵᱚᱫᱚᱞ ᱞᱟᱹᱜᱤᱫ ᱥᱯᱤᱰ ᱰᱟᱭᱮᱞ ᱨᱮ ᱴᱮᱯ ᱢᱮ,,
machine_done_run_auto,Ran the belt in AUTO,AUTO में बेल्ट चलाई,ᱵᱮᱞᱴ ᱫᱚ AUTO ᱨᱮ ᱪᱟᱞᱟᱣ ᱞᱮᱫᱟ,,
machine_done_stop,Stopped the belt with STOP,STOP से बेल्ट रोकी,STOP ᱥᱟᱶᱛᱮ ᱵᱮᱞᱴ ᱫᱚ ᱦᱟᱹᱯᱤᱫ ᱦᱩᱭᱮᱱᱟ,,
machine_done_estop,Used the E-STOP,E-STOP का उपयोग किया,E-STOP ᱵᱮᱵᱷᱟᱨ ᱦᱩᱭ ᱟᱠᱟᱱᱟ,,
machine_done_reset,Reset the E-STOP,E-STOP रीसेट किया,E-STOP ᱫᱚᱲᱦᱟ ᱠᱟᱛᱮ ᱫᱚᱦᱚᱭ ᱢᱮ,,
machine_done_manual,Switched to MANUAL,MANUAL पर बदला,MANUAL ᱨᱮ ᱵᱚᱫᱚᱞ ᱦᱩᱭ ᱟᱠᱟᱱᱟ,,
machine_done_jog,Jogged the belt in MANUAL,MANUAL में बेल्ट जॉग की,ᱵᱮᱞᱴ ᱫᱚ MANUAL ᱨᱮ ᱡᱚᱜ ᱟᱠᱟᱫᱟ,,
machine_done_speed,Changed the belt speed,बेल्ट की गति बदली,ᱵᱮᱞᱴ ᱨᱮᱭᱟᱜ ᱜᱚᱛᱤ ᱵᱚᱫᱚᱞ ᱦᱩᱭᱮᱱᱟ,,
machine_result_title,MACHINE TRAINING RESULT,मशीन प्रशिक्षण परिणाम,ᱢᱮᱥᱤᱱ ᱴᱨᱮᱱᱤᱝ ᱨᱮᱭᱟᱜ ᱯᱷᱚᱞᱚ,,
machine_result_pass,TRAINING PASSED!,प्रशिक्षण पास!,ᱛᱟᱹᱞᱤᱢ ᱯᱟᱥ ᱦᱩᱭ ᱟᱠᱟᱱᱟ !,,
machine_result_fail,NOT PASSED,पास नहीं हुए,ᱵᱟᱝ ᱯᱟᱥ ᱟᱠᱟᱱᱟ,,
machine_quiz_status_passed_format,Machine safety quiz passed ({0}/{1}),मशीन सुरक्षा क्विज़ पास ({0}/{1}),ᱢᱮᱥᱤᱱ ᱨᱮᱭᱟᱜ ᱱᱤᱨᱟᱹᱭ ᱠᱩᱭᱤᱡᱽ ᱯᱟᱥ ᱦᱩᱭ ᱟᱠᱟᱱᱟ ({0}/{1}),,
machine_quiz_status_not_passed,Machine safety quiz not passed. No certificate. Tap RETRY to repeat the practice and take the quiz again.,"आपने मशीन सुरक्षा क्विज़ पास नहीं किया, इसलिए प्रमाणपत्र नहीं मिलेगा। अभ्यास दोहराने और क्विज़ फिर से देने के लिए RETRY दबाएँ।",ᱢᱮᱥᱤᱱ ᱨᱮᱭᱟᱜ ᱦᱚᱨᱦᱚᱭ ᱠᱩᱭᱤᱡᱽ ᱯᱟᱥ ᱵᱟᱝ ᱦᱩᱭ ᱟᱠᱟᱱᱟ ᱾ ᱡᱟᱦᱟᱱ ᱥᱟᱨᱴᱤᱯᱷᱤᱠᱮᱴ ᱵᱟᱹᱱᱩᱜᱼᱟ ᱾ ᱯᱨᱮᱠᱴᱤᱥ ᱫᱚᱲᱦᱟ ᱠᱟᱛᱮᱫ ᱠᱩᱭᱤᱡᱽ ᱦᱟᱛᱟᱣ ᱞᱟᱹᱜᱤᱫ ᱛᱮ RETRY ᱴᱟᱯ ᱢᱮ ᱾,,
conveyor_prompt_place,Tap the floor to place the conveyor,कन्वेयर रखने के लिए फ़र्श पर टैप करें,ᱠᱚᱱᱵᱷᱮᱭᱟᱨ ᱫᱚᱦᱚᱭ ᱞᱟᱹᱜᱤᱫ ᱯᱷᱞᱳᱨ ᱨᱮ ᱴᱮᱯ ᱢᱮ,,
conveyor_estopped,E-STOPPED — tap the E-STOP again to reset before continuing,E-STOP लगा है — आगे बढ़ने से पहले रीसेट करने के लिए E-STOP पर फिर से टैप करें,E-STOPPED ᱼ ᱪᱟᱞᱟᱜ ᱞᱟᱦᱟ ᱨᱤᱥᱮᱴ ᱞᱟᱹᱜᱤᱫ ᱫᱚᱦᱲᱟᱛᱮ E-STOP ᱴᱮᱯ ᱢᱮ,,
conveyor_tap_start,Tap START to run the belt,बेल्ट चलाने के लिए START दबाएँ,ᱵᱮᱞᱴ ᱪᱟᱞᱟᱣ ᱞᱟᱹᱜᱤᱫ START ᱴᱮᱯ ᱢᱮ,,
conveyor_tap_stop,Tap STOP to stop the belt safely,बेल्ट को सुरक्षित रोकने के लिए STOP दबाएँ,ᱵᱮᱞᱴ ᱫᱚ ᱱᱤᱨᱟᱹᱭᱛᱮ ᱦᱟᱹᱯᱤᱫ ᱞᱟᱹᱜᱤᱫ STOP ᱴᱮᱯ ᱢᱮ,,
conveyor_hold_jog,Hold the green button to jog the belt,बेल्ट जॉग करने के लिए हरा बटन दबाए रखें,ᱵᱮᱞᱴ ᱡᱚᱜ ᱞᱟᱹᱜᱤᱫ ᱦᱟᱹᱲᱭᱟᱹᱲ ᱵᱳᱛᱟᱢ ᱫᱚᱦᱚᱭ ᱢᱮ,,
conveyor_release_jog,Release to stop jogging the belt,जॉग रोकने के लिए बटन छोड़ दें,ᱵᱮᱞᱴ ᱡᱚᱜᱤᱝ ᱦᱟᱹᱯᱤᱫ ᱞᱟᱹᱜᱤᱫ ᱪᱷᱟᱹᱲ ᱮᱢ ᱢᱮ,,
conveyor_speed_format,Speed: {0},गति: {0},ᱥᱯᱤᱰ: {0},,
conveyor_mode_manual,Mode: MANUAL,मोड: MANUAL,ᱢᱳᱰ: MANUAL,,
conveyor_speed_slow,Slow,धीमी,ᱵᱟᱹᱭ ᱵᱟᱹᱭᱛᱮ,,
conveyor_speed_normal,Normal,सामान्य,ᱥᱟᱵᱷᱟᱵᱤᱠ,,
conveyor_speed_fast,Fast,तेज़,ᱩᱥᱟᱹᱨᱟ,,
prompt_shut_gas,Shut off the gas first — tap the red valve handle at the bottom of the furnace,पहले गैस बंद करें — भट्टी के नीचे लगे लाल वाल्व हैंडल पर टैप करें,ᱯᱟᱹᱦᱤᱞ ᱜᱮᱥ ᱵᱚᱱᱫᱚᱭ ᱢᱮ - ᱪᱩᱞᱦᱟᱹ ᱞᱟᱛᱟᱨ ᱨᱮ ᱟᱨᱟᱜ ᱵᱷᱟᱞᱵᱷ ᱦᱮᱱᱰᱮᱞ ᱨᱮ ᱴᱷᱚᱠᱟᱣ ᱢᱮ,,
